"","country","combination","mismatch","corsI","corsR","maxs","mins","means","lat","long","pop"
"1","Argentina",1,0,0.780067168976008,0.827469224022882,24.2906461119316,8.83344975548892,16.6845389297698,-38.416097,-63.616672,44938712
"2","Argentina",1,0.25,0.672537471388635,0.673905865431531,24.2906461119316,8.83344975548892,16.6845389297698,-38.416097,-63.616672,44938712
"3","Argentina",1,0.5,-0.147997411141913,-0.209597169683165,24.2906461119316,8.83344975548892,16.6845389297698,-38.416097,-63.616672,44938712
"4","Argentina",1,0.75,-0.822835413812369,-0.826947847313654,24.2906461119316,8.83344975548892,16.6845389297698,-38.416097,-63.616672,44938712
"5","Argentina",1,1,-0.826368923967444,-0.866703247824282,24.2906461119316,8.83344975548892,16.6845389297698,-38.416097,-63.616672,44938712
"6","Australia",1,0,0.706591079724683,0.790677848452441,24.4554400710569,11.1707776743704,17.9068989946278,-25.274398,133.775136,25364307
"7","Australia",1,0.25,0.587316974430908,0.592682288406743,24.4554400710569,11.1707776743704,17.9068989946278,-25.274398,133.775136,25364307
"8","Australia",1,0.5,-0.333004654405574,-0.373025779210725,24.4554400710569,11.1707776743704,17.9068989946278,-25.274398,133.775136,25364307
"9","Australia",1,0.75,-0.849751098506897,-0.875429096324072,24.4554400710569,11.1707776743704,17.9068989946278,-25.274398,133.775136,25364307
"10","Australia",1,1,-0.800352099240226,-0.850781378313429,24.4554400710569,11.1707776743704,17.9068989946278,-25.274398,133.775136,25364307
"11","Austria",1,0,0.515317492999244,0.651146688713677,20.4429680379856,-2.69669368169018,8.76729090226386,47.516231,14.550072,8877067
"12","Austria",1,0.25,0.41382116210142,0.430233466784107,20.4429680379856,-2.69669368169018,8.76729090226386,47.516231,14.550072,8877067
"13","Austria",1,0.5,-0.327520956296526,-0.405204819824702,20.4429680379856,-2.69669368169018,8.76729090226386,47.516231,14.550072,8877067
"14","Austria",1,0.75,-0.734328440284842,-0.772970253496032,20.4429680379856,-2.69669368169018,8.76729090226386,47.516231,14.550072,8877067
"15","Austria",1,1,-0.69134833456785,-0.741228632546664,20.4429680379856,-2.69669368169018,8.76729090226386,47.516231,14.550072,8877067
"16","Belarus",1,0,0.511399451337923,0.562034497607658,21.4595583990503,-6.08091408294802,7.47504322009185,53.709807,27.953389,9466856
"17","Belarus",1,0.25,0.462684390913515,0.500348886212656,21.4595583990503,-6.08091408294802,7.47504322009185,53.709807,27.953389,9466856
"18","Belarus",1,0.5,-0.138616349026043,-0.0446156429170369,21.4595583990503,-6.08091408294802,7.47504322009185,53.709807,27.953389,9466856
"19","Belarus",1,0.75,-0.632600939747898,-0.507104043520506,21.4595583990503,-6.08091408294802,7.47504322009185,53.709807,27.953389,9466856
"20","Belarus",1,1,-0.644930566924089,-0.570557508826256,21.4595583990503,-6.08091408294802,7.47504322009185,53.709807,27.953389,9466856
"21","Belgium",1,0,0.622936995189339,0.770540055210018,18.5749419854765,2.66865848062165,10.5166396364409,50.503887,4.469936,11484055
"22","Belgium",1,0.25,0.50100591507314,0.55272917796294,18.5749419854765,2.66865848062165,10.5166396364409,50.503887,4.469936,11484055
"23","Belgium",1,0.5,-0.33552571371394,-0.403009672566477,18.5749419854765,2.66865848062165,10.5166396364409,50.503887,4.469936,11484055
"24","Belgium",1,0.75,-0.822455435890933,-0.87603116799698,18.5749419854765,2.66865848062165,10.5166396364409,50.503887,4.469936,11484055
"25","Belgium",1,1,-0.777972486130039,-0.838475620201936,18.5749419854765,2.66865848062165,10.5166396364409,50.503887,4.469936,11484055
"26","Brazil",1,0,-0.0567404697997713,0.364051639101562,26.8270068859397,22.8861612748017,24.8800554981854,-14.235004,-51.92528,211049527
"27","Brazil",1,0.25,0.0605566700775634,0.402515308372779,26.8270068859397,22.8861612748017,24.8800554981854,-14.235004,-51.92528,211049527
"28","Brazil",1,0.5,0.162145390825798,0.17169751159895,26.8270068859397,22.8861612748017,24.8800554981854,-14.235004,-51.92528,211049527
"29","Brazil",1,0.75,0.00105351892746847,-0.265791656014324,26.8270068859397,22.8861612748017,24.8800554981854,-14.235004,-51.92528,211049527
"30","Brazil",1,1,-0.0157258586100851,-0.346126083992259,26.8270068859397,22.8861612748017,24.8800554981854,-14.235004,-51.92528,211049527
"31","Bulgaria",1,0,0.574875557770242,0.693149215069535,25.231601509414,-1.05409025789005,11.9305760872596,42.733883,25.48583,6975761
"32","Bulgaria",1,0.25,0.487896048247831,0.490474950543588,25.231601509414,-1.05409025789005,11.9305760872596,42.733883,25.48583,6975761
"33","Bulgaria",1,0.5,-0.341695216387622,-0.35671451928871,25.231601509414,-1.05409025789005,11.9305760872596,42.733883,25.48583,6975761
"34","Bulgaria",1,0.75,-0.803929927072476,-0.785969544735765,25.231601509414,-1.05409025789005,11.9305760872596,42.733883,25.48583,6975761
"35","Bulgaria",1,1,-0.759194902061229,-0.793598454765962,25.231601509414,-1.05409025789005,11.9305760872596,42.733883,25.48583,6975761
"36","Cambodia",1,0,0.640412622695532,0.74034679598249,31.3194921350763,26.569218914443,28.9303232947762,12.565679,104.990963,16486542
"37","Cambodia",1,0.25,0.591878163073843,0.549278760018071,31.3194921350763,26.569218914443,28.9303232947762,12.565679,104.990963,16486542
"38","Cambodia",1,0.5,-0.174853330460107,-0.307512925016859,31.3194921350763,26.569218914443,28.9303232947762,12.565679,104.990963,16486542
"39","Cambodia",1,0.75,-0.517528563406623,-0.790611375786324,31.3194921350763,26.569218914443,28.9303232947762,12.565679,104.990963,16486542
"40","Cambodia",1,1,-0.462403199541548,-0.776827423009879,31.3194921350763,26.569218914443,28.9303232947762,12.565679,104.990963,16486542
"41","Cameroon",1,0,0.688273851303071,0.61015589533178,28.3070526767857,24.0995169799991,26.2070221516003,7.369722,12.354722,25876380
"42","Cameroon",1,0.25,0.56913820964139,0.540265903339032,28.3070526767857,24.0995169799991,26.2070221516003,7.369722,12.354722,25876380
"43","Cameroon",1,0.5,-0.373625084248748,-0.0976370790499745,28.3070526767857,24.0995169799991,26.2070221516003,7.369722,12.354722,25876380
"44","Cameroon",1,0.75,-0.62325128568024,-0.602535956384568,28.3070526767857,24.0995169799991,26.2070221516003,7.369722,12.354722,25876380
"45","Cameroon",1,1,-0.531179095309424,-0.620102960812544,28.3070526767857,24.0995169799991,26.2070221516003,7.369722,12.354722,25876380
"46","Canada",1,0,0.730656146855402,0.883593862468135,17.4202989105623,-13.3856705313376,1.79836202341038,56.130366,-106.346771,37589262
"47","Canada",1,0.25,0.631743135628343,0.728621346541327,17.4202989105623,-13.3856705313376,1.79836202341038,56.130366,-106.346771,37589262
"48","Canada",1,0.5,-0.18187537115442,-0.231071445233547,17.4202989105623,-13.3856705313376,1.79836202341038,56.130366,-106.346771,37589262
"49","Canada",1,0.75,-0.900373687224945,-0.892988046304138,17.4202989105623,-13.3856705313376,1.79836202341038,56.130366,-106.346771,37589262
"50","Canada",1,1,-0.938902222753936,-0.932070577045019,17.4202989105623,-13.3856705313376,1.79836202341038,56.130366,-106.346771,37589262
"51","Chile",1,0,0.804221714236163,0.903038525673473,18.0972532583035,8.16078876132076,13.1991727523811,-35.675147,-71.542969,18952038
"52","Chile",1,0.25,0.721294456999928,0.777390483424367,18.0972532583035,8.16078876132076,13.1991727523811,-35.675147,-71.542969,18952038
"53","Chile",1,0.5,-0.118816112268945,-0.210968482519292,18.0972532583035,8.16078876132076,13.1991727523811,-35.675147,-71.542969,18952038
"54","Chile",1,0.75,-0.81545493474949,-0.907512432978538,18.0972532583035,8.16078876132076,13.1991727523811,-35.675147,-71.542969,18952038
"55","Chile",1,1,-0.824377826872873,-0.924652648917688,18.0972532583035,8.16078876132076,13.1991727523811,-35.675147,-71.542969,18952038
"56","China",1,0,0.678066518736083,0.768219013398812,25.5896135671934,-1.50949037611875,11.8474558240582,35.86166,104.195397,1397715000
"57","China",1,0.25,0.547787949247628,0.581457072922216,25.5896135671934,-1.50949037611875,11.8474558240582,35.86166,104.195397,1397715000
"58","China",1,0.5,-0.356099468534186,-0.38630415248848,25.5896135671934,-1.50949037611875,11.8474558240582,35.86166,104.195397,1397715000
"59","China",1,0.75,-0.941184800710765,-0.876811583268385,25.5896135671934,-1.50949037611875,11.8474558240582,35.86166,104.195397,1397715000
"60","China",1,1,-0.908423157023919,-0.87731048635541,25.5896135671934,-1.50949037611875,11.8474558240582,35.86166,104.195397,1397715000
"61","Colombia",1,0,-0.487112270220213,-0.37628232143187,26.9653531988473,26.0150345773259,26.4891865302731,4.570868,-74.297333,50339443
"62","Colombia",1,0.25,-0.568025297604162,-0.30443450242101,26.9653531988473,26.0150345773259,26.4891865302731,4.570868,-74.297333,50339443
"63","Colombia",1,0.5,-0.176750930724882,0.179522225022663,26.9653531988473,26.0150345773259,26.4891865302731,4.570868,-74.297333,50339443
"64","Colombia",1,0.75,0.454836781601188,0.423846807341979,26.9653531988473,26.0150345773259,26.4891865302731,4.570868,-74.297333,50339443
"65","Colombia",1,1,0.541508038441977,0.390269068634236,26.9653531988473,26.0150345773259,26.4891865302731,4.570868,-74.297333,50339443
"66","Costa Rica",1,0,-0.00723530585076209,0.166211805187516,26.3364506200452,23.8086030867979,25.0606859809703,9.748917,-83.753428,5047561
"67","Costa Rica",1,0.25,0.0414350166856272,0.210638962773899,26.3364506200452,23.8086030867979,25.0606859809703,9.748917,-83.753428,5047561
"68","Costa Rica",1,0.5,-0.118130629516542,0.262693931502353,26.3364506200452,23.8086030867979,25.0606859809703,9.748917,-83.753428,5047561
"69","Costa Rica",1,0.75,-0.00600766806950849,0.0122041772158411,26.3364506200452,23.8086030867979,25.0606859809703,9.748917,-83.753428,5047561
"70","Costa Rica",1,1,-0.0954364489455676,-0.13175452260949,26.3364506200452,23.8086030867979,25.0606859809703,9.748917,-83.753428,5047561
"71","Croatia",1,0,0.670436741335258,0.748948218648102,26.9776703677941,3.81737623699802,15.2238418923694,45.1,15.2,4067500
"72","Croatia",1,0.25,0.580156663852445,0.62456656004312,26.9776703677941,3.81737623699802,15.2238418923694,45.1,15.2,4067500
"73","Croatia",1,0.5,-0.212516242968846,-0.176997959520897,26.9776703677941,3.81737623699802,15.2238418923694,45.1,15.2,4067500
"74","Croatia",1,0.75,-0.872104579496138,-0.739450782510264,26.9776703677941,3.81737623699802,15.2238418923694,45.1,15.2,4067500
"75","Croatia",1,1,-0.88371476511503,-0.798524445781419,26.9776703677941,3.81737623699802,15.2238418923694,45.1,15.2,4067500
"76","Cuba",1,0,-0.296826859173216,-0.644990507187715,28.1330712649811,22.0990318502307,25.0797404885125,21.521757,-77.781167,11333483
"77","Cuba",1,0.25,-0.331126690533788,-0.57501635893505,28.1330712649811,22.0990318502307,25.0797404885125,21.521757,-77.781167,11333483
"78","Cuba",1,0.5,-0.0310664745325053,0.00874978381786208,28.1330712649811,22.0990318502307,25.0797404885125,21.521757,-77.781167,11333483
"79","Cuba",1,0.75,0.328785535847176,0.575409278361596,28.1330712649811,22.0990318502307,25.0797404885125,21.521757,-77.781167,11333483
"80","Cuba",1,1,0.30958082037909,0.646158057944199,28.1330712649811,22.0990318502307,25.0797404885125,21.521757,-77.781167,11333483
"81","Czech Republic",1,0,0.820075969300176,0.891654642857775,18.8684168609078,-2.36517020060691,8.08286720070625,49.817492,15.472962,10669709
"82","Czech Republic",1,0.25,0.765791171610983,0.798848431870028,18.8684168609078,-2.36517020060691,8.08286720070625,49.817492,15.472962,10669709
"83","Czech Republic",1,0.5,-0.092523944476785,-0.0449863155746242,18.8684168609078,-2.36517020060691,8.08286720070625,49.817492,15.472962,10669709
"84","Czech Republic",1,0.75,-0.851804726470139,-0.816693868194533,18.8684168609078,-2.36517020060691,8.08286720070625,49.817492,15.472962,10669709
"85","Czech Republic",1,1,-0.900616762040581,-0.906399527421439,18.8684168609078,-2.36517020060691,8.08286720070625,49.817492,15.472962,10669709
"86","Denmark",1,0,0.594068701452688,0.762867833408019,17.962690973959,0.874102787654479,9.29694044010681,56.26392,9.501785,5818553
"87","Denmark",1,0.25,0.487335036216905,0.545859529232459,17.962690973959,0.874102787654479,9.29694044010681,56.26392,9.501785,5818553
"88","Denmark",1,0.5,-0.38032138544873,-0.408460176769422,17.962690973959,0.874102787654479,9.29694044010681,56.26392,9.501785,5818553
"89","Denmark",1,0.75,-0.895206213057904,-0.869893171205962,17.962690973959,0.874102787654479,9.29694044010681,56.26392,9.501785,5818553
"90","Denmark",1,1,-0.851894787262839,-0.83153435986658,17.962690973959,0.874102787654479,9.29694044010681,56.26392,9.501785,5818553
"91","Dominican Republic",1,0,-0.33548081163976,-0.647326625360599,29.0654558563619,24.9284923674462,26.967570813329,18.735693,-70.162651,10738958
"92","Dominican Republic",1,0.25,-0.310238886518425,-0.592832054301277,29.0654558563619,24.9284923674462,26.967570813329,18.735693,-70.162651,10738958
"93","Dominican Republic",1,0.5,0.191950238951363,0.00978599865857473,29.0654558563619,24.9284923674462,26.967570813329,18.735693,-70.162651,10738958
"94","Dominican Republic",1,0.75,0.410436926401338,0.590880575427519,29.0654558563619,24.9284923674462,26.967570813329,18.735693,-70.162651,10738958
"95","Dominican Republic",1,1,0.200162691394796,0.647944955996657,29.0654558563619,24.9284923674462,26.967570813329,18.735693,-70.162651,10738958
"96","Egypt, Arab Rep.",1,0,0.43024805126405,0.524189266738462,30.615872753397,13.9463150820057,22.1708871161325,26.820553,30.802498,100388073
"97","Egypt, Arab Rep.",1,0.25,0.41462866310481,0.483184631490131,30.615872753397,13.9463150820057,22.1708871161325,26.820553,30.802498,100388073
"98","Egypt, Arab Rep.",1,0.5,0.120889470684239,-0.02205136843708,30.615872753397,13.9463150820057,22.1708871161325,26.820553,30.802498,100388073
"99","Egypt, Arab Rep.",1,0.75,-0.330878859308464,-0.454595400846271,30.615872753397,13.9463150820057,22.1708871161325,26.820553,30.802498,100388073
"100","Egypt, Arab Rep.",1,1,-0.38411533708765,-0.524343460766061,30.615872753397,13.9463150820057,22.1708871161325,26.820553,30.802498,100388073
"101","El Salvador",1,0,-0.463328276878329,-0.251220608422151,28.8952740922194,25.9156292476571,27.3891945309674,13.794185,-88.89653,6453553
"102","El Salvador",1,0.25,-0.472541516650425,-0.233162161161146,28.8952740922194,25.9156292476571,27.3891945309674,13.794185,-88.89653,6453553
"103","El Salvador",1,0.5,-0.154927011699076,0.003507871554624,28.8952740922194,25.9156292476571,27.3891945309674,13.794185,-88.89653,6453553
"104","El Salvador",1,0.75,0.476395677676434,0.256161053900449,28.8952740922194,25.9156292476571,27.3891945309674,13.794185,-88.89653,6453553
"105","El Salvador",1,1,0.529079968285038,0.258785143112359,28.8952740922194,25.9156292476571,27.3891945309674,13.794185,-88.89653,6453553
"106","Estonia",1,0,0.572760639939008,0.71046165846688,19.6176662638099,-8.15666221879062,5.5330971202702,58.595272,25.013607,1326590
"107","Estonia",1,0.25,0.484781014560699,0.528689688300278,19.6176662638099,-8.15666221879062,5.5330971202702,58.595272,25.013607,1326590
"108","Estonia",1,0.5,-0.311969610587275,-0.301273096049936,19.6176662638099,-8.15666221879062,5.5330971202702,58.595272,25.013607,1326590
"109","Estonia",1,0.75,-0.853943246805791,-0.777531948990524,19.6176662638099,-8.15666221879062,5.5330971202702,58.595272,25.013607,1326590
"110","Estonia",1,1,-0.852964092085569,-0.782905604939462,19.6176662638099,-8.15666221879062,5.5330971202702,58.595272,25.013607,1326590
"111","Finland",1,0,0.566596358529753,0.66439884845234,18.5845392044013,-8.9758419672196,4.58530963855152,61.92411,25.748151,5520314
"112","Finland",1,0.25,0.504919751153257,0.572917874173856,18.5845392044013,-8.9758419672196,4.58530963855152,61.92411,25.748151,5520314
"113","Finland",1,0.5,-0.199932559251271,-0.136377990442237,18.5845392044013,-8.9758419672196,4.58530963855152,61.92411,25.748151,5520314
"114","Finland",1,0.75,-0.765769169992245,-0.653438488519907,18.5845392044013,-8.9758419672196,4.58530963855152,61.92411,25.748151,5520314
"115","Finland",1,1,-0.782815227647244,-0.690715647737641,18.5845392044013,-8.9758419672196,4.58530963855152,61.92411,25.748151,5520314
"116","France",1,0,0.594047203993851,0.740043358043468,20.6137920855529,4.18709164798862,12.2836897661385,46.227638,2.213749,67059887
"117","France",1,0.25,0.485361750008731,0.525539800850022,20.6137920855529,4.18709164798862,12.2836897661385,46.227638,2.213749,67059887
"118","France",1,0.5,-0.366707415587356,-0.396867741413387,20.6137920855529,4.18709164798862,12.2836897661385,46.227638,2.213749,67059887
"119","France",1,0.75,-0.84554318876205,-0.845631259681117,20.6137920855529,4.18709164798862,12.2836897661385,46.227638,2.213749,67059887
"120","France",1,1,-0.796837562151445,-0.811358095134718,20.6137920855529,4.18709164798862,12.2836897661385,46.227638,2.213749,67059887
"121","Germany",1,0,0.537175464335839,0.678085813010119,19.0635481316779,0.943263208146402,9.88360773140015,51.165691,10.451526,83132799
"122","Germany",1,0.25,0.438978180618972,0.460411029936947,19.0635481316779,0.943263208146402,9.88360773140015,51.165691,10.451526,83132799
"123","Germany",1,0.5,-0.399200057691704,-0.405369845633562,19.0635481316779,0.943263208146402,9.88360773140015,51.165691,10.451526,83132799
"124","Germany",1,0.75,-0.82768677746483,-0.794262684337018,19.0635481316779,0.943263208146402,9.88360773140015,51.165691,10.451526,83132799
"125","Germany",1,1,-0.770621586799178,-0.753015577188205,19.0635481316779,0.943263208146402,9.88360773140015,51.165691,10.451526,83132799
"126","Ghana",1,0,-0.397391780078615,-0.405290596231625,29.5819671234929,25.2857350220311,27.42929697598,7.946527,-1.023194,30417856
"127","Ghana",1,0.25,-0.421569887259691,-0.413133782801425,29.5819671234929,25.2857350220311,27.42929697598,7.946527,-1.023194,30417856
"128","Ghana",1,0.5,-0.305822362302018,-0.194053684620446,29.5819671234929,25.2857350220311,27.42929697598,7.946527,-1.023194,30417856
"129","Ghana",1,0.75,0.366529477567252,0.218513982240049,29.5819671234929,25.2857350220311,27.42929697598,7.946527,-1.023194,30417856
"130","Ghana",1,1,0.578640471979451,0.368071997016934,29.5819671234929,25.2857350220311,27.42929697598,7.946527,-1.023194,30417856
"131","Greece",1,0,0.520189536418191,0.613073103499003,27.8921599263096,9.67654691496802,18.6747372353324,39.074208,21.824312,10716322
"132","Greece",1,0.25,0.41817422318734,0.412745058690322,27.8921599263096,9.67654691496802,18.6747372353324,39.074208,21.824312,10716322
"133","Greece",1,0.5,-0.282033291284199,-0.368860897869968,27.8921599263096,9.67654691496802,18.6747372353324,39.074208,21.824312,10716322
"134","Greece",1,0.75,-0.640255818596185,-0.720134932084319,27.8921599263096,9.67654691496802,18.6747372353324,39.074208,21.824312,10716322
"135","Greece",1,1,-0.587789508880594,-0.698383623903874,27.8921599263096,9.67654691496802,18.6747372353324,39.074208,21.824312,10716322
"136","Honduras",1,0,0.0590639437920027,0.241465155178155,28.4945014185798,22.7939095764249,25.6131026920915,15.199999,-86.241905,9746117
"137","Honduras",1,0.25,0.0224769235032602,0.290961614911289,28.4945014185798,22.7939095764249,25.6131026920915,15.199999,-86.241905,9746117
"138","Honduras",1,0.5,0.223458399551387,0.397706114148219,28.4945014185798,22.7939095764249,25.6131026920915,15.199999,-86.241905,9746117
"139","Honduras",1,0.75,0.109171334568464,0.00133134142478538,28.4945014185798,22.7939095764249,25.6131026920915,15.199999,-86.241905,9746117
"140","Honduras",1,1,-0.19127017122076,-0.196480107778145,28.4945014185798,22.7939095764249,25.6131026920915,15.199999,-86.241905,9746117
"141","Iceland",1,0,0.552476594687745,0.724652820394466,11.5569075965435,-1.44631082551446,4.96287854310456,64.963051,-19.020835,361313
"142","Iceland",1,0.25,0.527000751887114,0.560105193400379,11.5569075965435,-1.44631082551446,4.96287854310456,64.963051,-19.020835,361313
"143","Iceland",1,0.5,-0.261233411891352,-0.231302690147786,11.5569075965435,-1.44631082551446,4.96287854310456,64.963051,-19.020835,361313
"144","Iceland",1,0.75,-0.832548852329354,-0.745154699939707,11.5569075965435,-1.44631082551446,4.96287854310456,64.963051,-19.020835,361313
"145","Iceland",1,1,-0.812516525657172,-0.756066201384135,11.5569075965435,-1.44631082551446,4.96287854310456,64.963051,-19.020835,361313
"146","India",1,0,-0.509577849868541,-0.149062999416386,31.6300773069537,18.8949828492062,25.1930465620214,20.593684,78.96288,1366417754
"147","India",1,0.25,-0.436406717342969,0.0514634834541478,31.6300773069537,18.8949828492062,25.1930465620214,20.593684,78.96288,1366417754
"148","India",1,0.5,0.221668134595997,0.699948020550267,31.6300773069537,18.8949828492062,25.1930465620214,20.593684,78.96288,1366417754
"149","India",1,0.75,0.468331775235452,0.526185296261949,31.6300773069537,18.8949828492062,25.1930465620214,20.593684,78.96288,1366417754
"150","India",1,1,0.347937075510287,0.280334421429331,31.6300773069537,18.8949828492062,25.1930465620214,20.593684,78.96288,1366417754
"151","Indonesia",1,0,0.559649424809722,0.198900997265723,27.9683242310173,26.8069556822996,27.3821999067055,-0.789275,113.921327,270625568
"152","Indonesia",1,0.25,0.522413900945619,0.219848369951563,27.9683242310173,26.8069556822996,27.3821999067055,-0.789275,113.921327,270625568
"153","Indonesia",1,0.5,-0.098971369446183,0.09845065470146,27.9683242310173,26.8069556822996,27.3821999067055,-0.789275,113.921327,270625568
"154","Indonesia",1,0.75,-0.556941076361669,-0.16061542338939,27.9683242310173,26.8069556822996,27.3821999067055,-0.789275,113.921327,270625568
"155","Indonesia",1,1,-0.514450775907553,-0.193488459589388,27.9683242310173,26.8069556822996,27.3821999067055,-0.789275,113.921327,270625568
"156","Ireland",1,0,0.602699371586751,0.757092409207073,15.5311004530763,4.57182390311124,9.9735695688335,53.41291,-8.24389,4941444
"157","Ireland",1,0.25,0.495408580543033,0.580184269023229,15.5311004530763,4.57182390311124,9.9735695688335,53.41291,-8.24389,4941444
"158","Ireland",1,0.5,-0.243206402012337,-0.321123566269664,15.5311004530763,4.57182390311124,9.9735695688335,53.41291,-8.24389,4941444
"159","Ireland",1,0.75,-0.785431248846895,-0.825220979151037,15.5311004530763,4.57182390311124,9.9735695688335,53.41291,-8.24389,4941444
"160","Ireland",1,1,-0.783643692360757,-0.798462919698864,15.5311004530763,4.57182390311124,9.9735695688335,53.41291,-8.24389,4941444
"161","Israel",1,0,0.207410041126033,0.364270178585368,28.7624511932993,12.865718041989,20.7686122554019,31.046051,34.851612,9053300
"162","Israel",1,0.25,0.33191072787461,0.315269983219637,28.7624511932993,12.865718041989,20.7686122554019,31.046051,34.851612,9053300
"163","Israel",1,0.5,-0.114972627936154,-0.208158410103523,28.7624511932993,12.865718041989,20.7686122554019,31.046051,34.851612,9053300
"164","Israel",1,0.75,-0.198540181664836,-0.46289723026693,28.7624511932993,12.865718041989,20.7686122554019,31.046051,34.851612,9053300
"165","Israel",1,1,-0.14227984940442,-0.410889181736625,28.7624511932993,12.865718041989,20.7686122554019,31.046051,34.851612,9053300
"166","Italy",1,0,0.617896654785888,0.669643888443317,28.8668149935533,5.9717711401202,17.2815174472035,41.87194,12.56738,60297396
"167","Italy",1,0.25,0.474036987462535,0.476428909474058,28.8668149935533,5.9717711401202,17.2815174472035,41.87194,12.56738,60297396
"168","Italy",1,0.5,-0.24715438014471,-0.340460549269926,28.8668149935533,5.9717711401202,17.2815174472035,41.87194,12.56738,60297396
"169","Italy",1,0.75,-0.662695084902218,-0.750939860263481,28.8668149935533,5.9717711401202,17.2815174472035,41.87194,12.56738,60297396
"170","Italy",1,1,-0.628789067654811,-0.76667209543924,28.8668149935533,5.9717711401202,17.2815174472035,41.87194,12.56738,60297396
"171","Jamaica",1,0,-0.0773779404422672,-0.116761561332908,28.6414892911236,25.5764043188026,27.0905020278317,18.109581,-77.297508,2948279
"172","Jamaica",1,0.25,-0.172101010152133,-0.170647564226607,28.6414892911236,25.5764043188026,27.0905020278317,18.109581,-77.297508,2948279
"173","Jamaica",1,0.5,-0.238797417433299,-0.125027871488831,28.6414892911236,25.5764043188026,27.0905020278317,18.109581,-77.297508,2948279
"174","Jamaica",1,0.75,0.176837427724851,0.0934102514822179,28.6414892911236,25.5764043188026,27.0905020278317,18.109581,-77.297508,2948279
"175","Jamaica",1,1,0.224058431809423,0.111777926199216,28.6414892911236,25.5764043188026,27.0905020278317,18.109581,-77.297508,2948279
"176","Japan",1,0,0.683491532219182,0.777608811727186,27.663331432851,4.25787347047189,15.8058628531588,36.204824,138.252924,126264931
"177","Japan",1,0.25,0.563194158630795,0.591607556748763,27.663331432851,4.25787347047189,15.8058628531588,36.204824,138.252924,126264931
"178","Japan",1,0.5,-0.237222993505479,-0.312664333270228,27.663331432851,4.25787347047189,15.8058628531588,36.204824,138.252924,126264931
"179","Japan",1,0.75,-0.794753265574909,-0.829089522113153,27.663331432851,4.25787347047189,15.8058628531588,36.204824,138.252924,126264931
"180","Japan",1,1,-0.77556875320358,-0.863338650366198,27.663331432851,4.25787347047189,15.8058628531588,36.204824,138.252924,126264931
"181","Kazakhstan",1,0,0.464609578762908,0.568790607615995,24.7104850729056,-16.2743966136796,3.91069441786618,48.019573,66.923684,18513930
"182","Kazakhstan",1,0.25,0.398499015568616,0.412115531307314,24.7104850729056,-16.2743966136796,3.91069441786618,48.019573,66.923684,18513930
"183","Kazakhstan",1,0.5,-0.313442701763541,-0.270668603695059,24.7104850729056,-16.2743966136796,3.91069441786618,48.019573,66.923684,18513930
"184","Kazakhstan",1,0.75,-0.759440169753384,-0.622534960356402,24.7104850729056,-16.2743966136796,3.91069441786618,48.019573,66.923684,18513930
"185","Kazakhstan",1,1,-0.733450840368809,-0.651796013790358,24.7104850729056,-16.2743966136796,3.91069441786618,48.019573,66.923684,18513930
"186","Kenya",1,0,0.292275350644407,0.186350087977071,22.9846785134669,19.0995912045105,21.0676070398264,-0.023559,37.906193,52573973
"187","Kenya",1,0.25,0.269753433045472,0.217855019155671,22.9846785134669,19.0995912045105,21.0676070398264,-0.023559,37.906193,52573973
"188","Kenya",1,0.5,-0.0233481023078751,0.132232644203704,22.9846785134669,19.0995912045105,21.0676070398264,-0.023559,37.906193,52573973
"189","Kenya",1,0.75,-0.190392404822793,-0.0979792752560417,22.9846785134669,19.0995912045105,21.0676070398264,-0.023559,37.906193,52573973
"190","Kenya",1,1,-0.308620369632434,-0.167776219016678,22.9846785134669,19.0995912045105,21.0676070398264,-0.023559,37.906193,52573973
"191","Kyrgyz Republic",1,0,0.582365012157614,0.708604404270052,25.9793333792343,-9.86164062611842,7.82189233205907,41.20438,74.766098,6456900
"192","Kyrgyz Republic",1,0.25,0.481190799384539,0.515190453583666,25.9793333792343,-9.86164062611842,7.82189233205907,41.20438,74.766098,6456900
"193","Kyrgyz Republic",1,0.5,-0.252202086751878,-0.326257550940955,25.9793333792343,-9.86164062611842,7.82189233205907,41.20438,74.766098,6456900
"194","Kyrgyz Republic",1,0.75,-0.794323115455669,-0.77441810245655,25.9793333792343,-9.86164062611842,7.82189233205907,41.20438,74.766098,6456900
"195","Kyrgyz Republic",1,1,-0.799481390095782,-0.814783347317007,25.9793333792343,-9.86164062611842,7.82189233205907,41.20438,74.766098,6456900
"196","Latvia",1,0,0.588404180916746,0.682616800951642,19.7267319722522,-4.40686599808319,7.47895267220455,56.879635,24.603189,1912789
"197","Latvia",1,0.25,0.526477662573995,0.596433896853005,19.7267319722522,-4.40686599808319,7.47895267220455,56.879635,24.603189,1912789
"198","Latvia",1,0.5,-0.152786237447028,-0.0892946628326216,19.7267319722522,-4.40686599808319,7.47895267220455,56.879635,24.603189,1912789
"199","Latvia",1,0.75,-0.776231998054066,-0.660075196610812,19.7267319722522,-4.40686599808319,7.47895267220455,56.879635,24.603189,1912789
"200","Latvia",1,1,-0.816316932257073,-0.707687711665379,19.7267319722522,-4.40686599808319,7.47895267220455,56.879635,24.603189,1912789
"201","Luxembourg",1,0,0.496945422343114,0.351824039367504,13.0666250228075,-0.141483929367458,6.41177093023614,49.815273,6.129583,619896
"202","Luxembourg",1,0.25,0.470708102483242,0.383958507395879,13.0666250228075,-0.141483929367458,6.41177093023614,49.815273,6.129583,619896
"203","Luxembourg",1,0.5,0.458372555081813,0.502356935871327,13.0666250228075,-0.141483929367458,6.41177093023614,49.815273,6.129583,619896
"204","Luxembourg",1,0.75,0.306097583181462,0.13325825502407,13.0666250228075,-0.141483929367458,6.41177093023614,49.815273,6.129583,619896
"205","Luxembourg",1,1,0.0297935176099185,-0.293638957428874,13.0666250228075,-0.141483929367458,6.41177093023614,49.815273,6.129583,619896
"206","Madagascar",1,0,0.033547091518449,0.0441459930829867,27.4793819510318,21.8681510595641,24.7172483699233,-18.766947,46.869107,26969307
"207","Madagascar",1,0.25,-0.123017744885487,-0.0865281419195046,27.4793819510318,21.8681510595641,24.7172483699233,-18.766947,46.869107,26969307
"208","Madagascar",1,0.5,-0.140359745847107,-0.346496294249634,27.4793819510318,21.8681510595641,24.7172483699233,-18.766947,46.869107,26969307
"209","Madagascar",1,0.75,0.0470886240195976,-0.185193511364311,27.4793819510318,21.8681510595641,24.7172483699233,-18.766947,46.869107,26969307
"210","Madagascar",1,1,0.0798072015845771,-0.0830325192740927,27.4793819510318,21.8681510595641,24.7172483699233,-18.766947,46.869107,26969307
"211","Malaysia",1,0,-0.087194219888871,-0.245301172820771,28.2697943925691,26.6388709762432,27.4433114839674,4.210484,101.975766,31949777
"212","Malaysia",1,0.25,-0.200903354656362,-0.209610956686103,28.2697943925691,26.6388709762432,27.4433114839674,4.210484,101.975766,31949777
"213","Malaysia",1,0.5,-0.0912511694447694,0.0274894609648679,28.2697943925691,26.6388709762432,27.4433114839674,4.210484,101.975766,31949777
"214","Malaysia",1,0.75,0.279248477692522,0.237901670368936,28.2697943925691,26.6388709762432,27.4433114839674,4.210484,101.975766,31949777
"215","Malaysia",1,1,0.122101908901413,0.250426550173628,28.2697943925691,26.6388709762432,27.4433114839674,4.210484,101.975766,31949777
"216","Mexico",1,0,0.449176349179484,0.677364137874128,28.1732336726937,17.9597850226015,23.0050478267452,23.634501,-102.552784,127575529
"217","Mexico",1,0.25,0.435171436451754,0.530751403374194,28.1732336726937,17.9597850226015,23.0050478267452,23.634501,-102.552784,127575529
"218","Mexico",1,0.5,-0.0977111854431479,-0.25428479801028,28.1732336726937,17.9597850226015,23.0050478267452,23.634501,-102.552784,127575529
"219","Mexico",1,0.75,-0.475032152975084,-0.72737157525383,28.1732336726937,17.9597850226015,23.0050478267452,23.634501,-102.552784,127575529
"220","Mexico",1,1,-0.432017086615138,-0.717737227288689,28.1732336726937,17.9597850226015,23.0050478267452,23.634501,-102.552784,127575529
"221","Mongolia",1,0,0.630742721848571,0.774187201639472,20.6063551418389,-22.7413502662468,-1.37558960315998,46.862496,103.846656,3225167
"222","Mongolia",1,0.25,0.546366375046203,0.618927833335278,20.6063551418389,-22.7413502662468,-1.37558960315998,46.862496,103.846656,3225167
"223","Mongolia",1,0.5,-0.264141195424725,-0.269974638046585,20.6063551418389,-22.7413502662468,-1.37558960315998,46.862496,103.846656,3225167
"224","Mongolia",1,0.75,-0.91094526433141,-0.80545476848744,20.6063551418389,-22.7413502662468,-1.37558960315998,46.862496,103.846656,3225167
"225","Mongolia",1,1,-0.912999913654436,-0.841925834985588,20.6063551418389,-22.7413502662468,-1.37558960315998,46.862496,103.846656,3225167
"226","Morocco",1,0,0.550737394726869,0.621695259128036,27.9003062703887,10.9313035389376,19.3136904522581,31.791702,-7.09262,36471769
"227","Morocco",1,0.25,0.467644420024981,0.526807577723892,27.9003062703887,10.9313035389376,19.3136904522581,31.791702,-7.09262,36471769
"228","Morocco",1,0.5,-0.0195638821964196,-0.179259873046646,27.9003062703887,10.9313035389376,19.3136904522581,31.791702,-7.09262,36471769
"229","Morocco",1,0.75,-0.460556456739251,-0.631230499965219,27.9003062703887,10.9313035389376,19.3136904522581,31.791702,-7.09262,36471769
"230","Morocco",1,1,-0.463662647482822,-0.654921352688205,27.9003062703887,10.9313035389376,19.3136904522581,31.791702,-7.09262,36471769
"231","Netherlands",1,0,0.625899008226994,0.777600116604342,18.1094316400652,1.96192898978128,9.92892495551337,52.132633,5.291266,17332850
"232","Netherlands",1,0.25,0.525572649703813,0.579800681700191,18.1094316400652,1.96192898978128,9.92892495551337,52.132633,5.291266,17332850
"233","Netherlands",1,0.5,-0.346397568022514,-0.355579005162351,18.1094316400652,1.96192898978128,9.92892495551337,52.132633,5.291266,17332850
"234","Netherlands",1,0.75,-0.88981044863768,-0.862116082417878,18.1094316400652,1.96192898978128,9.92892495551337,52.132633,5.291266,17332850
"235","Netherlands",1,1,-0.869276342180217,-0.837559060655395,18.1094316400652,1.96192898978128,9.92892495551337,52.132633,5.291266,17332850
"236","New Caledonia",1,0,0.456860644934073,0.566187515147303,26.6804181630338,19.9929108332508,23.3764948528846,-20.904305,165.618042,287800
"237","New Caledonia",1,0.25,0.307924193823398,0.397339111979033,26.6804181630338,19.9929108332508,23.3764948528846,-20.904305,165.618042,287800
"238","New Caledonia",1,0.5,-0.318716813019455,-0.355525282597606,26.6804181630338,19.9929108332508,23.3764948528846,-20.904305,165.618042,287800
"239","New Caledonia",1,0.75,-0.42989806137935,-0.641685152805848,26.6804181630338,19.9929108332508,23.3764948528846,-20.904305,165.618042,287800
"240","New Caledonia",1,1,-0.32934351257909,-0.599535903527995,26.6804181630338,19.9929108332508,23.3764948528846,-20.904305,165.618042,287800
"241","New Zealand",1,0,0.743680752066925,0.849901637867725,18.1851787172908,8.57904131807736,13.4253435952403,-40.900557,174.885971,4917000
"242","New Zealand",1,0.25,0.64447063126068,0.72870106596679,18.1851787172908,8.57904131807736,13.4253435952403,-40.900557,174.885971,4917000
"243","New Zealand",1,0.5,-0.252522022072951,-0.249043313314008,18.1851787172908,8.57904131807736,13.4253435952403,-40.900557,174.885971,4917000
"244","New Zealand",1,0.75,-0.872438688460498,-0.881525365398727,18.1851787172908,8.57904131807736,13.4253435952403,-40.900557,174.885971,4917000
"245","New Zealand",1,1,-0.838354045195293,-0.874482889782785,18.1851787172908,8.57904131807736,13.4253435952403,-40.900557,174.885971,4917000
"246","Niger",1,0,0.159957072099444,-0.0266794981335981,34.5982513817928,21.2660730540303,27.8594209728422,17.607789,8.081666,23310715
"247","Niger",1,0.25,0.278917581897419,0.0870289674625767,34.5982513817928,21.2660730540303,27.8594209728422,17.607789,8.081666,23310715
"248","Niger",1,0.5,0.778769861203029,0.502505278599557,34.5982513817928,21.2660730540303,27.8594209728422,17.607789,8.081666,23310715
"249","Niger",1,0.75,-0.185537560230457,0.348123347347348,34.5982513817928,21.2660730540303,27.8594209728422,17.607789,8.081666,23310715
"250","Niger",1,1,-0.519275559580721,0.139305759704537,34.5982513817928,21.2660730540303,27.8594209728422,17.607789,8.081666,23310715
"251","Norway",1,0,0.638797163010237,0.806688150620254,15.3788907258917,-2.19398141422924,6.46755618676257,60.472024,8.468946,5347896
"252","Norway",1,0.25,0.534170804784823,0.603175889313588,15.3788907258917,-2.19398141422924,6.46755618676257,60.472024,8.468946,5347896
"253","Norway",1,0.5,-0.353936705217653,-0.362832129786747,15.3788907258917,-2.19398141422924,6.46755618676257,60.472024,8.468946,5347896
"254","Norway",1,0.75,-0.922065792738523,-0.88949318144748,15.3788907258917,-2.19398141422924,6.46755618676257,60.472024,8.468946,5347896
"255","Norway",1,1,-0.899498791542152,-0.86500714582377,15.3788907258917,-2.19398141422924,6.46755618676257,60.472024,8.468946,5347896
"256","Oman",1,0,0.650928220354933,0.611295043347415,33.2316903199719,20.0089966167306,26.5149166358127,21.512583,55.923255,4974986
"257","Oman",1,0.25,0.576402119057467,0.556155394401079,33.2316903199719,20.0089966167306,26.5149166358127,21.512583,55.923255,4974986
"258","Oman",1,0.5,-0.12976930511522,-0.0564606170294017,33.2316903199719,20.0089966167306,26.5149166358127,21.512583,55.923255,4974986
"259","Oman",1,0.75,-0.585610433998215,-0.547923419152788,33.2316903199719,20.0089966167306,26.5149166358127,21.512583,55.923255,4974986
"260","Oman",1,1,-0.592655185442676,-0.615369870271085,33.2316903199719,20.0089966167306,26.5149166358127,21.512583,55.923255,4974986
"261","Pakistan",1,0,0.464525361869508,0.579889230851244,32.9335523180734,10.1219457406335,21.3416778000276,30.375321,69.345116,216565318
"262","Pakistan",1,0.25,0.461234550535436,0.49818635041675,32.9335523180734,10.1219457406335,21.3416778000276,30.375321,69.345116,216565318
"263","Pakistan",1,0.5,-0.147812050260576,-0.0893591957355955,32.9335523180734,10.1219457406335,21.3416778000276,30.375321,69.345116,216565318
"264","Pakistan",1,0.75,-0.58760493974013,-0.520915607009287,32.9335523180734,10.1219457406335,21.3416778000276,30.375321,69.345116,216565318
"265","Pakistan",1,1,-0.581963554035719,-0.604572690429545,32.9335523180734,10.1219457406335,21.3416778000276,30.375321,69.345116,216565318
"266","Panama",1,0,-0.282571006760546,0.143097875958728,29.062161325969,26.3111868997103,27.6864385328837,8.537981,-80.782127,4246439
"267","Panama",1,0.25,-0.310501651608226,0.262418331536221,29.062161325969,26.3111868997103,27.6864385328837,8.537981,-80.782127,4246439
"268","Panama",1,0.5,0.0716048190738553,0.485629304733984,29.062161325969,26.3111868997103,27.6864385328837,8.537981,-80.782127,4246439
"269","Panama",1,0.75,0.256280433458292,0.0791846453203725,29.062161325969,26.3111868997103,27.6864385328837,8.537981,-80.782127,4246439
"270","Panama",1,1,0.171033959069988,-0.100283722407192,29.062161325969,26.3111868997103,27.6864385328837,8.537981,-80.782127,4246439
"271","Paraguay",1,0,0.49871084504557,0.407173125345611,28.4739976491049,17.3554182645876,23.0008668531886,-23.442503,-58.443832,7044636
"272","Paraguay",1,0.25,0.37595306468465,0.197970910779801,28.4739976491049,17.3554182645876,23.0008668531886,-23.442503,-58.443832,7044636
"273","Paraguay",1,0.5,-0.210077202104692,-0.499723380775197,28.4739976491049,17.3554182645876,23.0008668531886,-23.442503,-58.443832,7044636
"274","Paraguay",1,0.75,-0.487835206035517,-0.618802789182034,28.4739976491049,17.3554182645876,23.0008668531886,-23.442503,-58.443832,7044636
"275","Paraguay",1,1,-0.390976976233127,-0.492932982266963,28.4739976491049,17.3554182645876,23.0008668531886,-23.442503,-58.443832,7044636
"276","Peru",1,0,0.664693971322534,0.69481454194813,24.7800314802442,18.4770432230026,21.6660775360064,-9.189967,-75.015152,32510453
"277","Peru",1,0.25,0.540008743868072,0.512164268978264,24.7800314802442,18.4770432230026,21.6660775360064,-9.189967,-75.015152,32510453
"278","Peru",1,0.5,-0.181339729191251,-0.321251398224645,24.7800314802442,18.4770432230026,21.6660775360064,-9.189967,-75.015152,32510453
"279","Peru",1,0.75,-0.619157924285232,-0.770579867186166,24.7800314802442,18.4770432230026,21.6660775360064,-9.189967,-75.015152,32510453
"280","Peru",1,1,-0.624570000194257,-0.736775024488331,24.7800314802442,18.4770432230026,21.6660775360064,-9.189967,-75.015152,32510453
"281","Philippines",1,0,-0.300766497932001,0.166733906765757,28.9222609578614,26.0825901269274,27.4891240360059,12.879721,121.774017,108116615
"282","Philippines",1,0.25,-0.167887630255712,0.311255830315695,28.9222609578614,26.0825901269274,27.4891240360059,12.879721,121.774017,108116615
"283","Philippines",1,0.5,0.197547340718866,0.553813526156097,28.9222609578614,26.0825901269274,27.4891240360059,12.879721,121.774017,108116615
"284","Philippines",1,0.75,0.20514880501741,0.108411900669246,28.9222609578614,26.0825901269274,27.4891240360059,12.879721,121.774017,108116615
"285","Philippines",1,1,0.060754955344485,-0.10914050299843,28.9222609578614,26.0825901269274,27.4891240360059,12.879721,121.774017,108116615
"286","Poland",1,0,0.429275663041084,0.553471396775307,19.5842174024296,-3.50808499818226,7.86489466902268,51.919438,19.145136,37970874
"287","Poland",1,0.25,0.339364724871182,0.358409301445044,19.5842174024296,-3.50808499818226,7.86489466902268,51.919438,19.145136,37970874
"288","Poland",1,0.5,-0.331498063976974,-0.341134656420023,19.5842174024296,-3.50808499818226,7.86489466902268,51.919438,19.145136,37970874
"289","Poland",1,0.75,-0.695635131645358,-0.65911410831083,19.5842174024296,-3.50808499818226,7.86489466902268,51.919438,19.145136,37970874
"290","Poland",1,1,-0.655722574667294,-0.63144870137615,19.5842174024296,-3.50808499818226,7.86489466902268,51.919438,19.145136,37970874
"291","Portugal",1,0,0.636674298358981,0.805727921169378,22.8289640746094,11.0943913475184,16.8910625142136,39.399872,-8.224454,10269417
"292","Portugal",1,0.25,0.593999842217854,0.634455347065435,22.8289640746094,11.0943913475184,16.8910625142136,39.399872,-8.224454,10269417
"293","Portugal",1,0.5,-0.183774070418294,-0.280761217152766,22.8289640746094,11.0943913475184,16.8910625142136,39.399872,-8.224454,10269417
"294","Portugal",1,0.75,-0.724427553559656,-0.851789943599167,22.8289640746094,11.0943913475184,16.8910625142136,39.399872,-8.224454,10269417
"295","Portugal",1,1,-0.689388934131703,-0.849649515797776,22.8289640746094,11.0943913475184,16.8910625142136,39.399872,-8.224454,10269417
"296","Romania",1,0,0.60813558225088,0.725758601553204,24.4125808694303,-2.87409644985903,10.5646166309829,45.943161,24.96676,19356544
"297","Romania",1,0.25,0.523021224734591,0.588105558502644,24.4125808694303,-2.87409644985903,10.5646166309829,45.943161,24.96676,19356544
"298","Romania",1,0.5,-0.250004671553787,-0.221521652078576,24.4125808694303,-2.87409644985903,10.5646166309829,45.943161,24.96676,19356544
"299","Romania",1,0.75,-0.865950158226967,-0.742724239766797,24.4125808694303,-2.87409644985903,10.5646166309829,45.943161,24.96676,19356544
"300","Romania",1,1,-0.863665691860606,-0.785651939574766,24.4125808694303,-2.87409644985903,10.5646166309829,45.943161,24.96676,19356544
"301","Senegal",1,0,-0.0512770322011344,0.418009530529769,31.2978727120939,25.2526583809401,28.2380839666673,14.497401,-14.452362,16296364
"302","Senegal",1,0.25,0.449633334393715,0.37821183621563,31.2978727120939,25.2526583809401,28.2380839666673,14.497401,-14.452362,16296364
"303","Senegal",1,0.5,0.184769565407223,-0.0687027529453846,31.2978727120939,25.2526583809401,28.2380839666673,14.497401,-14.452362,16296364
"304","Senegal",1,0.75,-0.270053515176352,-0.404714417139665,31.2978727120939,25.2526583809401,28.2380839666673,14.497401,-14.452362,16296364
"305","Senegal",1,1,-0.259755527223116,-0.4215303018612,31.2978727120939,25.2526583809401,28.2380839666673,14.497401,-14.452362,16296364
"306","Singapore",1,0,-0.160388778009388,-0.412361691949303,29.4419618712169,26.8681822712629,28.1345508796457,1.352083,103.819836,5703569
"307","Singapore",1,0.25,-0.229523748165223,-0.507810801801163,29.4419618712169,26.8681822712629,28.1345508796457,1.352083,103.819836,5703569
"308","Singapore",1,0.5,-0.0491062323494108,-0.437330104223588,29.4419618712169,26.8681822712629,28.1345508796457,1.352083,103.819836,5703569
"309","Singapore",1,0.75,0.358211786179273,0.19773053071454,29.4419618712169,26.8681822712629,28.1345508796457,1.352083,103.819836,5703569
"310","Singapore",1,1,0.137267880676935,0.375258824141402,29.4419618712169,26.8681822712629,28.1345508796457,1.352083,103.819836,5703569
"311","Slovak Republic",1,0,0.39956768996453,0.328204410387967,22.6872821221322,-3.937037961838,9.1579510557753,48.669026,19.699024,5454073
"312","Slovak Republic",1,0.25,0.410008596089396,0.433440646548508,22.6872821221322,-3.937037961838,9.1579510557753,48.669026,19.699024,5454073
"313","Slovak Republic",1,0.5,0.305394563522104,0.349060903998703,22.6872821221322,-3.937037961838,9.1579510557753,48.669026,19.699024,5454073
"314","Slovak Republic",1,0.75,-0.22016360437284,-0.0864960071611479,22.6872821221322,-3.937037961838,9.1579510557753,48.669026,19.699024,5454073
"315","Slovak Republic",1,1,-0.389080340538276,-0.234585321107912,22.6872821221322,-3.937037961838,9.1579510557753,48.669026,19.699024,5454073
"316","Slovenia",1,0,0.51669124106462,0.502960460850979,22.4063234058969,-0.65906143979016,10.6854897182748,46.151241,14.995463,2087946
"317","Slovenia",1,0.25,0.485319037372458,0.536756391190765,22.4063234058969,-0.65906143979016,10.6854897182748,46.151241,14.995463,2087946
"318","Slovenia",1,0.5,0.0721567585783283,0.166878395155089,22.4063234058969,-0.65906143979016,10.6854897182748,46.151241,14.995463,2087946
"319","Slovenia",1,0.75,-0.497054698778643,-0.36261973730991,22.4063234058969,-0.65906143979016,10.6854897182748,46.151241,14.995463,2087946
"320","Slovenia",1,1,-0.599765218380527,-0.46761759662162,22.4063234058969,-0.65906143979016,10.6854897182748,46.151241,14.995463,2087946
"321","South Africa",1,0,0.705033938769525,0.809845712700876,22.5105746444345,11.321182054622,16.9825216374119,-30.559482,22.937506,58558270
"322","South Africa",1,0.25,0.734857478874228,0.75195062768906,22.5105746444345,11.321182054622,16.9825216374119,-30.559482,22.937506,58558270
"323","South Africa",1,0.5,0.0856365719705517,-0.0144364925019422,22.5105746444345,11.321182054622,16.9825216374119,-30.559482,22.937506,58558270
"324","South Africa",1,0.75,-0.577251620404613,-0.752169802674282,22.5105746444345,11.321182054622,16.9825216374119,-30.559482,22.937506,58558270
"325","South Africa",1,1,-0.608561542137466,-0.817439588505707,22.5105746444345,11.321182054622,16.9825216374119,-30.559482,22.937506,58558270
"326","Spain",1,0,0.635042624503446,0.714284474073279,25.941404681185,8.38300697101923,17.081889569511,40.463667,-3.74922,47076781
"327","Spain",1,0.25,0.520337501643049,0.563188218592316,25.941404681185,8.38300697101923,17.081889569511,40.463667,-3.74922,47076781
"328","Spain",1,0.5,-0.119454194174851,-0.262240660890383,25.941404681185,8.38300697101923,17.081889569511,40.463667,-3.74922,47076781
"329","Spain",1,0.75,-0.605240927569495,-0.756358857296756,25.941404681185,8.38300697101923,17.081889569511,40.463667,-3.74922,47076781
"330","Spain",1,1,-0.591298859310139,-0.768742780114006,25.941404681185,8.38300697101923,17.081889569511,40.463667,-3.74922,47076781
"331","Sri Lanka",1,0,0.460090307691724,0.220638812445849,29.2485734533039,25.7125962490592,27.4612923261305,7.873054,80.771797,21803000
"332","Sri Lanka",1,0.25,0.315452224962349,0.102117052830591,29.2485734533039,25.7125962490592,27.4612923261305,7.873054,80.771797,21803000
"333","Sri Lanka",1,0.5,-0.374470342856823,-0.371682067878918,29.2485734533039,25.7125962490592,27.4612923261305,7.873054,80.771797,21803000
"334","Sri Lanka",1,0.75,-0.414496308799673,-0.408880902869003,29.2485734533039,25.7125962490592,27.4612923261305,7.873054,80.771797,21803000
"335","Sri Lanka",1,1,-0.19881378786991,-0.270057660781067,29.2485734533039,25.7125962490592,27.4612923261305,7.873054,80.771797,21803000
"336","Sweden",1,0,0.576177515280635,0.7193005438527,16.591206602842,-4.05374902345209,6.13223959346329,60.128161,18.643501,10285453
"337","Sweden",1,0.25,0.488708657135284,0.559334897081285,16.591206602842,-4.05374902345209,6.13223959346329,60.128161,18.643501,10285453
"338","Sweden",1,0.5,-0.282675618892505,-0.304775057006618,16.591206602842,-4.05374902345209,6.13223959346329,60.128161,18.643501,10285453
"339","Sweden",1,0.75,-0.805509901180764,-0.785167878645538,16.591206602842,-4.05374902345209,6.13223959346329,60.128161,18.643501,10285453
"340","Sweden",1,1,-0.796961820924819,-0.76992879743274,16.591206602842,-4.05374902345209,6.13223959346329,60.128161,18.643501,10285453
"341","Switzerland",1,0,0.561246815815837,0.697105485307101,18.6911899338129,-1.14788022004996,8.68090626607559,46.818188,8.227512,8574832
"342","Switzerland",1,0.25,0.454522166875016,0.498585314446391,18.6911899338129,-1.14788022004996,8.68090626607559,46.818188,8.227512,8574832
"343","Switzerland",1,0.5,-0.261782196071433,-0.366517789083424,18.6911899338129,-1.14788022004996,8.68090626607559,46.818188,8.227512,8574832
"344","Switzerland",1,0.75,-0.705291617207929,-0.793866867774224,18.6911899338129,-1.14788022004996,8.68090626607559,46.818188,8.227512,8574832
"345","Switzerland",1,1,-0.675126771622724,-0.766330990364623,18.6911899338129,-1.14788022004996,8.68090626607559,46.818188,8.227512,8574832
"346","Thailand",1,0,0.10544455717459,0.499219504514444,30.0772701256431,23.7913084103706,26.9157206391388,15.870032,100.992541,69625582
"347","Thailand",1,0.25,0.437048424588103,0.579303861441374,30.0772701256431,23.7913084103706,26.9157206391388,15.870032,100.992541,69625582
"348","Thailand",1,0.5,0.660311491265334,0.404072928991876,30.0772701256431,23.7913084103706,26.9157206391388,15.870032,100.992541,69625582
"349","Thailand",1,0.75,-0.300749798560706,-0.234250037845259,30.0772701256431,23.7913084103706,26.9157206391388,15.870032,100.992541,69625582
"350","Thailand",1,1,-0.508908163932456,-0.443333824261344,30.0772701256431,23.7913084103706,26.9157206391388,15.870032,100.992541,69625582
"351","Tunisia",1,0,0.83182801685208,0.816620046532394,25.541566998069,11.0390888863956,18.174697166417,33.886917,9.537499,11694719
"352","Tunisia",1,0.25,0.820529549632006,0.848420380172078,25.541566998069,11.0390888863956,18.174697166417,33.886917,9.537499,11694719
"353","Tunisia",1,0.5,0.383123518551929,0.458655082769115,25.541566998069,11.0390888863956,18.174697166417,33.886917,9.537499,11694719
"354","Tunisia",1,0.75,-0.677376752292398,-0.500399569056808,25.541566998069,11.0390888863956,18.174697166417,33.886917,9.537499,11694719
"355","Tunisia",1,1,-0.856934159904537,-0.771543401555087,25.541566998069,11.0390888863956,18.174697166417,33.886917,9.537499,11694719
"356","Turkey",1,0,0.673562803037046,0.787909874946689,27.651977369525,2.8125350921117,15.0557109120889,38.963745,35.243322,83429615
"357","Turkey",1,0.25,0.566717659773472,0.600486027650833,27.651977369525,2.8125350921117,15.0557109120889,38.963745,35.243322,83429615
"358","Turkey",1,0.5,-0.279862387953737,-0.314324426544243,27.651977369525,2.8125350921117,15.0557109120889,38.963745,35.243322,83429615
"359","Turkey",1,0.75,-0.865473251742378,-0.839986644685514,27.651977369525,2.8125350921117,15.0557109120889,38.963745,35.243322,83429615
"360","Turkey",1,1,-0.846304430051421,-0.878953188394121,27.651977369525,2.8125350921117,15.0557109120889,38.963745,35.243322,83429615
"361","Uganda",1,0,0.680039528725064,0.621259349953875,25.6659073504968,21.9988653697006,23.8517019397613,1.373333,32.290275,44269594
"362","Uganda",1,0.25,0.631927573220586,0.648593737597716,25.6659073504968,21.9988653697006,23.8517019397613,1.373333,32.290275,44269594
"363","Uganda",1,0.5,-0.138067683022106,0.179159765020289,25.6659073504968,21.9988653697006,23.8517019397613,1.373333,32.290275,44269594
"364","Uganda",1,0.75,-0.712565293488444,-0.488166569282645,25.6659073504968,21.9988653697006,23.8517019397613,1.373333,32.290275,44269594
"365","Uganda",1,1,-0.694213250918982,-0.598472198800315,25.6659073504968,21.9988653697006,23.8517019397613,1.373333,32.290275,44269594
"366","Ukraine",1,0,0.692014459962561,0.760740903943744,26.2477441971341,-4.90308511773447,10.4387262906067,48.379433,31.16558,44385155
"367","Ukraine",1,0.25,0.60928012907796,0.679672340179491,26.2477441971341,-4.90308511773447,10.4387262906067,48.379433,31.16558,44385155
"368","Ukraine",1,0.5,-0.082879048782346,-0.0663398382643861,26.2477441971341,-4.90308511773447,10.4387262906067,48.379433,31.16558,44385155
"369","Ukraine",1,0.75,-0.802368957730586,-0.675675348354464,26.2477441971341,-4.90308511773447,10.4387262906067,48.379433,31.16558,44385155
"370","Ukraine",1,1,-0.863573311486976,-0.780122282209603,26.2477441971341,-4.90308511773447,10.4387262906067,48.379433,31.16558,44385155
"371","United Kingdom",1,0,0.637015216839402,0.787204761109463,16.134666527989,4.55245622147894,10.2669883559328,55.378051,-3.435973,66834405
"372","United Kingdom",1,0.25,0.532460210408425,0.632449096254027,16.134666527989,4.55245622147894,10.2669883559328,55.378051,-3.435973,66834405
"373","United Kingdom",1,0.5,-0.191991745836057,-0.298837821103047,16.134666527989,4.55245622147894,10.2669883559328,55.378051,-3.435973,66834405
"374","United Kingdom",1,0.75,-0.751160403682376,-0.842323345778736,16.134666527989,4.55245622147894,10.2669883559328,55.378051,-3.435973,66834405
"375","United Kingdom",1,1,-0.751345719212008,-0.8226143132422,16.134666527989,4.55245622147894,10.2669883559328,55.378051,-3.435973,66834405
"376","Uruguay",1,0,0.534409959388676,0.489212272043463,27.9778565754512,10.3078661902802,19.2797875127506,-32.522779,-55.765835,3461734
"377","Uruguay",1,0.25,0.462018608350901,0.357425780103909,27.9778565754512,10.3078661902802,19.2797875127506,-32.522779,-55.765835,3461734
"378","Uruguay",1,0.5,-0.142391653465934,-0.227566116492175,27.9778565754512,10.3078661902802,19.2797875127506,-32.522779,-55.765835,3461734
"379","Uruguay",1,0.75,-0.548040713564889,-0.496034273885446,27.9778565754512,10.3078661902802,19.2797875127506,-32.522779,-55.765835,3461734
"380","Uruguay",1,1,-0.489482581523527,-0.518801833506409,27.9778565754512,10.3078661902802,19.2797875127506,-32.522779,-55.765835,3461734
"381","Vietnam",1,0,-0.456793092293114,-0.47320405773813,29.0189780105223,19.8959192439155,24.3874237042585,14.058324,108.277199,96462106
"382","Vietnam",1,0.25,-0.514601604430837,-0.469302662134405,29.0189780105223,19.8959192439155,24.3874237042585,14.058324,108.277199,96462106
"383","Vietnam",1,0.5,-0.145690585833529,-0.0999589486593693,29.0189780105223,19.8959192439155,24.3874237042585,14.058324,108.277199,96462106
"384","Vietnam",1,0.75,0.387080270941751,0.373622844652852,29.0189780105223,19.8959192439155,24.3874237042585,14.058324,108.277199,96462106
"385","Vietnam",1,1,0.473280261719842,0.458957246462775,29.0189780105223,19.8959192439155,24.3874237042585,14.058324,108.277199,96462106
